headline,link
Qatar’s Support of Islamists Alienates Allies Near and Far,http://www.nytimes.com/2014/09/08/world/middleeast/qatars-support-of-extremists-alienates-allies-near-and-far.html?src=me
"Forte Dei Marmi Journal: Despite Sanctions, Cash Keeps Flowing at Playground for Russia’s Rich",http://www.nytimes.com/2014/09/08/world/europe/despite-sanctions-cash-keeps-flowing-at-playground-for-russias-rich.html?src=me
"Destroying ISIS May Take Years, U.S. Officials Say",http://www.nytimes.com/2014/09/08/world/middleeast/destroying-isis-may-take-3-years-white-house-says.html?src=me
Britain Pledges More Self-Rule for Scots if They Reject Scottish Independence,http://www.nytimes.com/2014/09/08/world/europe/britain-promises-scotland-more-self-rule-if-it-rejects-independence.html?src=me
Another Royal Baby Is Expected for an Uneasy Kingdom,http://www.nytimes.com/2014/09/09/world/europe/prince-william-and-his-wife-kate-expecting-a-2nd-royal-baby.html?src=me
"Palestinian Leader Assails Hamas, Calling Unity Pact Into Question",http://www.nytimes.com/2014/09/08/world/middleeast/gaza-strip-palestinian-leader-assails-hamas-calling-unity-pact-into-question.html?src=me
Ukraine and Russia Face Gaps in a Truce and a Chasm on the Issues,http://www.nytimes.com/2014/09/08/world/europe/ukraine-and-russia-face-gaps-in-a-truce-and-a-chasm-on-the-issues.html?src=me
Oil Scandal Erupts Again as Brazilians Near Election,http://www.nytimes.com/2014/09/08/world/americas/as-brazil-vote-nears-testimony-ties-top-political-figures-to-corruption-scandal.html?src=me
Small Meteorite Hits Managua,http://www.nytimes.com/2014/09/08/world/americas/small-meteorite-hits-managua.html?src=me
A Rogue State Along Two Rivers,http://www.nytimes.com/interactive/2014/07/03/world/middleeast/syria-iraq-isis-rogue-state-along-two-rivers.html?src=me
